<?xml version="1.0" encoding="UTF-8"?>
<project-private xmlns="http://www.netbeans.org/ns/project-private/1">
    <editor-bookmarks xmlns="http://www.netbeans.org/ns/editor-bookmarks/2" lastBookmarkId="0"/>
    <open-files xmlns="http://www.netbeans.org/ns/projectui-open-files/2">
        <group>
            <file>file:/C:/Users/andre/Downloads/Semestre-10/PAI/Control/MPLABX/PAI.X/I2C.h</file>
            <file>file:/C:/Users/andre/Downloads/Semestre-10/PAI/Control/MPLABX/PAI.X/LCD_I2C_16X2.h</file>
            <file>file:/C:/Users/andre/Downloads/Semestre-10/PAI/Control/MPLABX/PAI.X/PAI.c</file>
        </group>
    </open-files>
</project-private>
